score,title,teacher,url,overview_outline,overview_goal,overview_en,teaching_plan,idx
0.4684,COT300XE（計算基盤 / Computing technologies 300）信号処理理論／Thery of Signal Processing,周　金佳（Jinjia ZHOU）,https://syllabus.hosei.ac.jp/web/preview.php?no_id=2513883&nendo=2025&gakubueng=AP&t_mode=pc&radd=,広く使われているPythonを活用して、信号処理の基本的な概念を学ぶ。 連続信号の離散化で重要な役割を演ずるサンプリング定理の証明から始めてデジタル信号の各種処理方法を系統的に学ぶ。,サンプリング定理の意味と数学的な証明を理解する。 ＡＤ変換の原理を理解し、アナログ信号のデジタル化の実際を理解する。 フーリエ変換、離散時間フーリエ変換、離散フーリエ変換を理解する。 線形時不変システム（LTI）、LTIシステムにおけるインパルス応答とたたみ込み演算を理解する。,"【Outline (in English)】 This course introduces digital signal processing principles　using Python. Starting from Shannon's sampling theorem, important digital signal processing methods will be introduced. Project assignment of the real data analysis will deepen students' understanding of the subject. Before/after each class meeting, students will be expected to spend one hours understanding the course content. The final grade will be calculated based on the following components: reports (50%), midterm examination (10%), final examination (30%), and in-class participation (10%).
【Default language used in class】 日本語 / Japanese",導入 / 信号と信号処理 / Pythonでの信号処理 / フーリエ解析1 / フーリエ解析２ / サンプリング定理 / サンプリング定理の演習 / 中間的なまとめと、理解度の確認 / 離散時間信号のフーリエ解析 / 離散時間信号のフーリエ解析の演習 / 畳み込み定理 / 畳み込み定理の演習 / 線形時不変システム / 線形時不変システムの演習,106
0.4136,COT300XE（計算基盤 / Computing technologies 300）コンパイラ演習／Exercise in Compiler,和佐　州洋（Kunihiro WASA）,https://syllabus.hosei.ac.jp/web/preview.php?no_id=2513818&nendo=2025&gakubueng=AP&t_mode=pc&radd=,コンパイラは，コンピュータを利用する上で必要不可欠なソフトウェアのひとつであり，計算機科学におけるさまざまな知識が盛り込まれている．本講義では，比較的単純な言語に対するコンパイラを実際に作成することで，コンパイラの各構成要素を理解することを目的とする．,(1) コンパイラを全体を構成できること． (2) 字句解析プログラムを実装できること． (3) 構文解析プログラムを実装できること． (4) コード生成とそれを実行できるプログラムを実装できること．,"【Outline (in English)】 This course introduces students to the design of compilers for programming languages. In particular, students will learn how to implement each component of compilers for a variant of PL/0 as an example. By the end of this course, students should be able to do the following: (1) Students can implement a compiler for a simple computer language. (2) Students can implement a lexical analyzer. (3) Students can implement a syntax analyzer. (4) Students can implement a code generator. Before/after each class meeting, students will be expected to spend four hours to understand the course content. Your overall grade in the class will be decided based on the following A compiler built in the course: 60%, Term-end report: 40%.
【Default language used in class】 日本語 / Japanese",導入 / 簡単なコンパイラの作成 / ステップ1 / ステップ2 / ステップ３ / ステップ4 / 前半のまとめ / ステップ5 / ステップ6 / ステップ7 / ステップ8 / ステップ9 / 動作確認 / まとめ,41
0.4084,COT100XE（計算基盤 / Computing technologies 100）プログラミング言語Ｃ＋＋／Programming Language C++,彌冨　仁（Hitoshi IYATOMI）,https://syllabus.hosei.ac.jp/web/preview.php?no_id=2513533&nendo=2025&gakubueng=AP&t_mode=pc&radd=,C言語既修者を対象に、オブジェクト指向の要素を取り入れたC++言語の基礎を学び、与えられた問題を論理的な構造の中で捉え、プログラムを作成することで解決できるような素養を身につける。,C言語からC++言語への重要な差分である、オブジェクト指向（カプセル化、ポリモーフィズム、継承）について理解する。またC言語と異なるプログラム作成方針、書式について理解し、それらを用いたC++プログラム作成能力を養成することを目標とする。,"【Outline (in English)】 【outline and objectives】 The prerequisite subject of this course is C language. In this course, you will learn the basics of C++ language incorporating object-oriented programming. You will grasp the given problem in the logical structure and will acquire the ability to solve those problems. 【method】 For those who have already mastered C, this lecture will focus on understanding the concept of object-oriented programming and the differences between C++ and C. The lecture will include explanations followed by exercises. Classes could be online. Changes in the lecture plan due to this shift will be announced on the learning support system. 【goal】 To understand object-oriented programming (encapsulation, polymorphism, inheritance), which is an important difference from C to C++. In addition, students will gain an understanding of program creation policies and formats that differ from the C language, and develop the ability to create C++ programs using these policies and formats. 【learning outside the classroom】 Complete the homework assigned almost every class. Read the textbook and handouts carefully to confirm what will be covered in the next class. Although the scope of the C language is not covered in the class, it is assumed that the students have a good understanding of it, so review the material as necessary. 【grading criteria】 Each assignment (40%) Final exam (60%)
【Default language used in class】 日本語 / Japanese",導入 / クラスの概要 / クラスの詳細 / 配列・ポインタ / 参照 / 関数オーバーロード / 演算子オーバーロード / 継承 / テンプレートと例外処理 / 標準テンプレートライブラリ (STL) / 仮想関数 (virtual function) / 実行型情報とキャスト演算子、名前空間、変換関数、その他の機能 / ・初期化子リスト(C++11)・オブジェクト指向プログラミングの例 / まとめ,0
0.406,HUI200XE（人間情報学 / Human informatics 200）データサイエンス2／Data Science 2,周　金佳（Jinjia ZHOU）,https://syllabus.hosei.ac.jp/web/preview.php?no_id=2513888&nendo=2025&gakubueng=AP&t_mode=pc&radd=,本講義ではpython（実行環境はgoogle colaboratory）を用いて、データサイエンスの基礎を学ぶ。具体的には、各種ライブラリを用いてデータ可視化、データ分析手法（統計手法、機械学習）を学ぶ。,1.データ分析の流れとデータの前処理を理解する。 2.データ可視化手法（ヒストグラム、箱ひげ図、散布図など）を理解する。 3.データ分析手法（回帰分析、分類、クラスタリング）を理解する。 4.機械学習の基本を理解する 5.データ分析の評価方法を理解する。,"【Outline (in English)】 This course introduces the fundamentals of data science using Python (with Google Colaboratory as the execution environment). Specifically, students learn data visualization and various data analysis techniques including statistical methods and machine learning. The goal of this course is to understand various aspects of data analysis and machine learning techniques. Before/after each class, students will be expected to spend one hour understanding the course content. The final grade will be calculated based on the following components: reports (50%), midterm examination (10%), final examination (30%), and in-class participation (10%).
【Default language used in class】 日本語 / Japanese",データサイエンスの基本 / Google ColabとPython基礎 / データ可視化１ / データ可視化２ / データ分析: 回帰 / データ分析: 回帰 / データ分析: 分類 / 中間的なまとめと演習 / データ分析: クラスタリング / 機械学習概論 / ニューラルネットワーク / ニューラルネットワーク / 畳み込みニューラルネットワーク / Pythonデータ分析の応用,111
0.3889,COT100XE（計算基盤 / Computing technologies 100）プログラミング言語Ｃ＋＋／Programming Language C++,和佐　州洋（Kunihiro WASA）,https://syllabus.hosei.ac.jp/web/preview.php?no_id=2513534&nendo=2025&gakubueng=AP&t_mode=pc&radd=,C言語既修者を対象に，オブジェクト指向の要素を取り入れたC++言語の基礎を学び，与えられた問題を論理的な構造の中で捉え，プログラムを作成することで解決できるような素養を身につける．,C言語からC++言語への重要な差分であるオブジェクト指向（カプセル化，ポリモーフィズム，継承）について理解する．またC言語と異なるプログラム作成方針，書式について理解し，それらを用いたC++プログラム作成能力を養成することを目標とする．,"【Outline (in English)】 The prerequisite subject of this course is C language.In this course, you will learn the basics of C++ language incorporating object-oriented programming. You will grasp the given problem in the logical structure and will acquire the ability to solve those problems. By the end of this course, students should be able to do the followings: - Students can explain the difference between C language and C++ language - Students can implement programs written in C++ by using features of C++language. Before/after each class meeting, students will be expected to spend four hours to understand the course content. Your overall grade in the class will be decided based on the following Term-end report: 60%、Short reports: 40%.
【Default language used in class】 日本語 / Japanese",導入 / クラスの概要 / クラスの詳細 / 配列・ポインタ / 参照 / 関数オーバーロード / 演算子オーバーロード / 継承 / テンプレートと例外処理 / 標準テンプレートライブラリ (STL) / 仮想関数 (virtual function) / 実行型情報とキャスト演算子，名前空間，変換関数，その他の機能 / ・初期化子リスト(C++11)・オブジェクト指向プログラミングの例 / まとめ,1
0.3805,COT100XE（計算基盤 / Computing technologies 100）プログラミング言語Ｃ（情報）／Programming Language C,平原　誠（Hirahara MAKOTO）,https://syllabus.hosei.ac.jp/web/preview.php?no_id=2513847&nendo=2025&gakubueng=AP&t_mode=pc&radd=,社会の様々なシステムはコンピュータのプログラムで構成され、様々なプログラムを作ることで、所定の処理をコンピュータに行わせることが可能になる。この講義では与えられた問題を論理的な構造の中で捉え、アルゴリズム化を行いプログラミング言語Cによって表現し、解決できるような素養を身につける。,プログラミングスキルの基礎を築くには，変数，配列，構文，関数などの基本の理解に加え，数々の実践が不可欠である．パソコンを用いて具体的にコーディング（コードを作成）し，実行できるようにするのが目標である．,"【Outline (in English)】 We need to write a computer program (sequence of instructions) to make a computer do what we want it to do. This course aims to develop basic computer programming skills using C programming language. No prior programming experience is needed. Students should bring laptop computers to do various exercises in class. The course will cover the basics of C programming language including data types, variables, operators, expressions, control flow, file handling, functions, pointers, addresses, arrays, structures, and storage management. At the end of this course, students are expected to write basic programs in C language. Students will be expected to have completed the required assignments after each class meeting. Your study time will be more than four hours for a class. Final grade will be calculated according to the following process: homework (20%) and term-end examination (80%).
【Default language used in class】 日本語 / Japanese",導入 / 変数と配列 / 演算子 / 文字と文字列 / アルゴリズム / 制御（選択） / 制御（繰り返し） / システム標準関数（入出力関数） / システム標準関数（その他の関数） / 関数 / ポインタ / ポインタと関数 / 構造体と共用体 / 再帰,70
0.3792,COT100XE（計算基盤 / Computing technologies 100）プログラミング言語Ｃ演習（情報）／Seminar on Programming Language C,尾川　浩一（Ogawa KOICHI）,https://syllabus.hosei.ac.jp/web/preview.php?no_id=2513850&nendo=2025&gakubueng=AP&t_mode=pc&radd=,社会の様々なシステムはコンピュータのプログラムで構成され、様々なプログラムを作ることで、所定の処理をコンピュータに行わせることが可能になる。この講義では与えられた問題を論理的な構造の中で捉え、アルゴリズム化を行いプログラミング言語Cによって表現し、解決できるような素養を身につける。,プログラミング言語Cの講義で学んだことを，パソコンを用いて具体的にコーディング（コードを作成）し，実行できるようにするのが目標である．,"【Outline (in English)】 【Course outline】 Various systems in society are composed of computer programs, and we can make computers perform predetermined processing by creating various programs. In this lecture, you will acquire the skills to solve a given problem with a programming language C. 【Learning Objectives】 The goal of this course is to get a skill to write a program with C language. 【Learning activities outside of classroom】 Students will be expected to have completed the required assignments after each class meeting . Your study time will be more than four hours for a class. 【Grading Criteria /Policy】 Final grade will be calculated according to the following process: short reports (20%), term end examination (80%).
【Default language used in class】 日本語 / Japanese",導入 / 変数と配列 / 演算子 / 文字と文字列 / アルゴリズム / 制御（選択） / 制御（繰り返し） / システム標準関数（入出力関数） / システム標準関数（その他の関数） / 関数 / ポインタ / ポインタと関数 / 構造体と共用体 / 再帰,73
0.3765,COT100XE（計算基盤 / Computing technologies 100）プログラミング言語Ｃ演習（情報）／Seminar on Programming Language C,平原　誠（Hirahara MAKOTO）,https://syllabus.hosei.ac.jp/web/preview.php?no_id=2513849&nendo=2025&gakubueng=AP&t_mode=pc&radd=,社会の様々なシステムはコンピュータのプログラムで構成され、様々なプログラムを作ることで、所定の処理をコンピュータに行わせることが可能になる。この講義では与えられた問題を論理的な構造の中で捉え、アルゴリズム化を行いプログラミング言語Cによって表現し、解決できるような素養を身につける。,プログラミングスキルの基礎を築くには，変数，配列，構文，関数などの基本の理解に加え，数々の実践が不可欠である．プログラミング言語Cで学んだことを，パソコンを用いて具体的にコーディング（コードを作成）し，実行できるようにするのが目標である．,"【Outline (in English)】 We need to write a computer program (sequence of instructions) to make a computer do what we want it to do. This course aims to develop basic computer programming skills using C programming language. No prior programming experience is needed. Students should bring laptop computers to do various exercises in class. The course will cover the basics of C programming language including data types, variables, operators, expressions, control flow, file handling, functions, pointers, addresses, arrays, structures, and storage management. At the end of this course, students are expected to write basic programs in C language. Students will be expected to have completed the required assignments after each class meeting. Your study time will be more than four hours for a class. Final grade will be calculated according to the following process: homework (20%) and term-end examination (80%).
【Default language used in class】 日本語 / Japanese",導入 / 変数と配列 / 演算子 / 文字と文字列 / アルゴリズム / 制御（選択） / 制御（繰り返し） / システム標準関数（入出力関数） / システム標準関数（その他の関数） / 関数 / ポインタ / ポインタと関数 / 構造体と共用体 / 再帰,72
0.374,COT300XE（計算基盤 / Computing technologies 300）プログラミング言語理論・設計／Programming language theory and design,和佐　州洋（Kunihiro WASA）,https://syllabus.hosei.ac.jp/web/preview.php?no_id=2513830&nendo=2025&gakubueng=AP&t_mode=pc&radd=,人類はこれまで多くのプログラミング言語を開発してきた．これら開発されてきたプログラミング言語には，しばしば共通した仕組みが現れてくる．本講義では，この共通する仕組みに関する数学的背景を理解することを目的とする．,プログラミング言語の基礎的な概念を理解する．具体的には， (1) 推論規則や導出木を用いてプログラミング言語の意味論などが記述できることを理解する (2) 条件分岐や，関数，リストがどのような推論規則で記述されているか理解する (3) 型システムについて説明できる ことを目標とする．,"【Outline (in English)】 We have developed many programming languages in the past. These programming languages often have a common mechanism such as if-statements, types, functions, etc. In this course, students learn the mathematical background of these common mechanisms. By the end of this course, students should be able to do the followings: - Students can describe the semantics of programming language by using inference rules. - Students understand how if-statements, functions, lists are expressed by inference rules. - Students can explain a type system. Before/after each class meeting, students will be expected to spend four hours to understand the course content. Your overall grade in the class will be decided based on the following Term-end report: 60%, Mid-term exam: 40%.
【Default language used in class】 日本語 / Japanese",本講義の概要，導出システム / メタ定理 / 整数と真偽値の評価 / 定義，変数，環境 / 高階関数・再帰関数 / 名無し表現 / 中間試験 / リストとパターンマッチング / 単純型システムと型安全 / 多相的型システム / 型推論 / ラムダ計算 / まとめ / 期末試験,53
0.3677,COT300XE（計算基盤 / Computing technologies 300）コンパイラ／Compiler,和佐　州洋（Kunihiro WASA）,https://syllabus.hosei.ac.jp/web/preview.php?no_id=2513817&nendo=2025&gakubueng=AP&t_mode=pc&radd=,コンパイラは，コンピュータを利用する上で必要不可欠なソフトウェアのひとつであり，計算機科学におけるさまざまな知識が盛り込まれている．本講義では，比較的単純な言語に対するコンパイラの作成方法の理論的背景を理解することで，コンパイラの各構成要素を理解することを目的とする．,(1) コンパイラの概要を説明できること． (2) 字句解析の仕組みを説明できること． (3) 構文解析の仕組みを説明できること． (4) コード生成とその実行方法を説明できること．,"【Outline (in English)】 This course introduces students to the design of compilers for programming languages. In particular, students will learn the theoretical background of each component of compilers for a variant of PL/0 as an example. By the end of this course, students should be able to do the following: (1) Students can explain the outline of the process of compilers. (2) Students can explain how lexical analysis works. (3) Students can explain how syntax analysis works. (4) Students can explain how a code generator works. Before/after each class meeting, students will be expected to spend four hours to understand the course content. Your overall grade in the class will be decided based on the following Term-end report: 60%, Short tests: 40%.
【Default language used in class】 日本語 / Japanese",導入 / 文法と言語 / 字句解析 (1) / 字句解析 (2) / 構文解析 (1) / 構文解析 (2) / 中間試験 / 意味解析 (1) / 意味解析 (2) / 誤り処理，実行時環境 / コード生成 (1) / コード生成 (2) / 最適化とまとめ / 期末試験,40
0.3652,COT300XE（計算基盤 / Computing technologies 300）マルチモーダル情報処理／Multi-modal Information Processing,倉掛　正治（Shoji KURAKAKE）,https://syllabus.hosei.ac.jp/web/preview.php?no_id=2513841&nendo=2025&gakubueng=AP&t_mode=pc&radd=,マルチモーダル情報処理とは、chatGPT4.0 等のように画像・音声・テキストといった複数のモーダルのデータをコンピュータで処理して予測や分類や生成を行う技術のことである。本講義では、単一モーダルの処理としてディープニューラルネットワークを用いた画像分類と音声処理を学び、次にそれらの発展形として大規模言語モデルによるマルチモーダル処理の例を学ぶ。また、MATLAB環境あるいはGoogle Colaboratory環境で学んだ技術を実際に使用して（提供されるコードを動作させる）、講義内容の理解を深めていく。,・畳み込みニューラルネットワークの処理を理解する。 ・深層ネットワークで時系列データを処理する方法を理解する。 ・大規模言語モデルによる画像生成や文章生成の仕組みを理解し、その実践を体験する。 ・MATLAB、あるいはGoogle Colaboratory を使って、画像の分類が行えるようになる。,"【Outline (in English)】 Multimodal information processing is about technologies for prediction and classification using different modal data, such as image, audio and text. ChatGPT4.0 is an its typical example. Students learn single modal processing technologies including convolutional neural networks for image classification and RNN, LSTM for speech data and sequential data processing. Students also learn Transformer technology and the applications of Large Language Model: LLM for multimodal tasks. Student will have opportunities to use MATLAB code or code for Google Colaboratory provided by the lecturer and deepen the level of understanding for technologies learned through the course. [Learning activities outside of classroom] The review and the preparation of each lesson will take 4 hours. The way to use MATLAB or Google Colaboratory should be learnt by students themselves. The help form the staff at the software center for the setting related things is available. [Grading Criteria /Policy] Grade is determined 40% by the submission of the assignment for each lesson and 60% by the evaluation of 3 reports.
【Default language used in class】 日本語 / Japanese",マルチモーダル情報処理とは / 機械学習の概要 / 画像処理における畳み込み（コンボリューション）処理 / 畳み込みニューラルネットワーク（CNN）による画像分類 / CNNにおける学習アリゴリズム / CNNの発展形と転移学習 / 深層ネットワークにおける最適化 / 系列データの表現と処理の基礎 / RNNによる系列データのモデル化 / 系列データ処理の発展形 / Transformerにおけるアテンション機構マルチモーダル処理の仕組み / Transformerの処理概要大規模言語モデルによるマルチモーダル処理 / 大規模言語モデルの利用 / 正則化処理,64
0.3645,COT100XE（計算基盤 / Computing technologies 100）プログラミング言語Ｃ（情報）／Programming Language C,尾川　浩一（Ogawa KOICHI）,https://syllabus.hosei.ac.jp/web/preview.php?no_id=2513848&nendo=2025&gakubueng=AP&t_mode=pc&radd=,社会の様々なシステムはコンピュータのプログラムで構成され、様々なプログラムを作ることで、所定の処理をコンピュータに行わせることが可能になる。この講義では与えられた問題を論理的な構造の中で捉え、アルゴリズム化を行いプログラミング言語Cによって表現し、解決できるような素養を身につける。,プログラミングスキルの基礎を築くには，変数，配列，構文，関数などの基本の理解に加え，数々の実践が不可欠である．プログラミング言語 C の講義で学んだことを，パソコンを用いて具体的にコーディング（コードを作成）し，実行できるようにするのが目標である．,"【Outline (in English)】 【Course outline】 Various systems in society are composed of computer programs, and we can make computers perform predetermined processing by creating various programs. In this lecture, you will acquire the skills to solve a given　problem with a programming language C. 【Learning Objectives】 The goal of this course is to get a skill to write a program with C language. 【Learning activities outside of classroom】 Students will be expected to have completed the required assignments after each class meeting. Your study time will be more than four hours for a class. 【Grading Criteria /Policy】 Final grade will be calculated according to the following process: short reports (20%), term end examination (80%).
【Default language used in class】 日本語 / Japanese",導入 / 変数と配列 / 演算子 / 文字と文字列 / アルゴリズム / 制御（選択） / 制御（繰り返し） / システム標準関数（入出力関数） / システム標準関数（その他の関数） / 関数 / ポインタ / ポインタと関数 / 構造体と共用体 / 再帰,71
0.3527,COT300XE（計算基盤 / Computing technologies 300）情報工学実験3／Experiments in information engineering III,彌冨　仁、尾川　浩一、金井　敦、品川　満、平原　誠、三橋　秀生、李　磊、周　金佳、和佐　州洋、山岸　昌夫,https://syllabus.hosei.ac.jp/web/preview.php?no_id=2513814&nendo=2025&gakubueng=AP&t_mode=pc&radd=,情報工学実験Ⅰおよび情報工学実験Ⅱを基礎として、各分野のさらに進んだ知識を実験IIIを通して確かめ確実なものとする。,各研究室毎に定められた実験テーマを通じて実験Ｉ，ＩＩの理解を深める。 Understand Experiments I and II by studying the experimental themes set for each seminar.,"【Outline (in English)】 Based on Applied Information Engineering Experiment I and II, we will learn further advanced knowledge and skill of each field. This course is offered for each laboratory. 【Goal】 Understand Experiments I and II by studying the experimental themes set for each seminar. 【Learning activities outside of classroom）】 The standard time to spend preparing and reviewing this lesson is 4 hours. 【Grading Criteria /Policy】 Each instructor evaluates the grades based on the product, report, and attitude. Pass if 60% or more of the target set for each seminar.
【Default language used in class】 日本語 / Japanese",ゼミごとに設定 / ゼミごとに設定 / ゼミごとに設定 / ゼミごとに設定 / ゼミごとに設定 / ゼミごとに設定 / ゼミごとに設定 / ゼミごとに設定 / ゼミごとに設定 / ゼミごとに設定 / ゼミごとに設定 / ゼミごとに設定 / ゼミごとに設定 / ゼミごとに設定,37
0.3448,COT200XE（計算基盤 / Computing technologies 200）情報工学実験1／Experiments in Information Engineering I,尾川　浩一、平原　誠、金井　敦、和佐　州洋、品川　満、彌冨　仁,https://syllabus.hosei.ac.jp/web/preview.php?no_id=2513885&nendo=2025&gakubueng=AP&t_mode=pc&radd=,応用情報工学を習得する上で基礎となる実験を通じ、講義で学んだ知識を確認し、それに関連する高度な課題への動機付けを行うことである。各実験テーマは、扱った現象の背後にある法則性を発見する「発見の驚き」と、その法則性を工学的課題に適用する「創造の歓び」の2つのパートで構成されている。,発見と創造のプロセスを体験しその面白さを体感する。真理を追究するために自ら考える態度を身につけ、創造性にかかわる価値判断のスキルを高める。 自分が明らかにし、また工夫したことを文書化し、適切に報告する能力を身に着ける。,"【Outline (in English)】 【outline and objectives】 The aim of this course is, through working on basic experiments by students themselves, to confirm the knowledge acquired in lecture courses and to motivate advanced subjects related to them. Each experiment theme is composed of two parts, one for discovery experience, in which the students are to discover laws behind the treated phenomenon and the other for creativity experience, in which the students are to manage to apply the laws in engineering tasks. 【method】 There will be a total of 12 experiments (6 themes x 2) as listed in the class plan.　In each experiment, a report and an examination on the experiment will be given. Students are required to participate in all the experiments and pass the examinations for all the topics to obtain credits. Instructions on how to submit reports and give feedback will be given separately for each experiment in the learning support system or in class. 【goal】 To experience the process of discovery and creation and feel the fun of it. To develop an attitude of thinking for oneself in pursuit of the truth, and to enhance the skills of value judgment related to creativity. Acquire the ability to document and appropriately summarize what they have clarified and devised. 【learning outside the classroom】 Students are required to write a report for each experiment and to study sufficiently to pass the examination. Download the instruction materials for each theme from the class support system, and read and understand it well in advance. Review the related courses for each theme as shown below. Theme A (Prof Ogawa) Programming Language C Theme D (Prof Kanai) Introduction to Network, Internet Protocol, Introduction to Security Theme E (Prof Shinagawa) Basic electric circuits Theme F (Prof Wasa) Data structures and algorithms, Programming Language C++ 【grading criteria】 Performing all experiments, submitting reports, and passing examinations on all topics on time are prerequisites for receiving credits. These will be evaluated on a comprehensive basis.
【Default language used in class】 日本語 / Japanese",携帯電話撮影画像の加工 / 画像処理技術の応用 / 機械学習体験（I) / 機械学習体験（II) / 奥行き知覚の手がかり / ステレオグラム / HTTPとDNS通信のパケットキャプチャ / メールの盗聴と暗号化通信 / 平行平板の等価回路と共振現象 / 人体通信の伝送特性 / アルゴリズムの力 / 計算幾何－曲線の再構成 / テーマごとのガイダンスと一般的注意 / 各実験テーマに対する試問（A1～F2まで各実験で実施）,108
0.342,COT200XE（計算基盤 / Computing technologies 200）アセンブリ言語演習／Exercises in assembly language,和田　幸一（Koichi WADA）,https://syllabus.hosei.ac.jp/web/preview.php?no_id=2513796&nendo=2025&gakubueng=AP&t_mode=pc&radd=,「アセンブリ言語」の講義で学習したデータ構造とプログラミング技法を用いてプログラムを作成し，計算機アーキテクチャ，OS，アセンブラ，応用プログラムの役割の理解を確実なものにすると共に，高度なアセンブリ言語プログラムを作成する能力を養う．,「アセンブリ言語」の講義で学習したデータ構造とプログラミング技法を用いてプログラムが実際に作成できる．計算機アーキテクチャ，OS，アセンブラ，応用プラグラムの役割を説明できる．また，アセンブリ言語の高度なプログラムを作成できる．,"【Outline (in English)】 【outline and objectives】 In this exercise, students solve the problems to understand the contents in every lecture of 'Assembly Languages,' and also obtain the ability to write highly advanced assembly programs. 【goal】 To be able to actually create programs using the data structures and programming techniques learned in the ""Assembly Language"" lecture. Explain the roles of computer architecture, operating system, assembler, and application programs. The student should be able to write high-level assembly language programs. 【learning outside the classroom】 4 hours per week. 【grading criteria】 reports and assignment 100%.
【Default language used in class】 日本語 / Japanese",オリエンテーション，仮想計算機とそのアセンブリ言語 / 配列 / 配列を利用したデータ構造 / スタック / サブルーチン / サブルーチンの応用 / アルゴリズムの計算時間の比較 / これまでの復習 / ビット演算 / 浮動小数点表現 / 有理数演算 / ポインタと連結リスト / アセンブラの機能 / 第9回～第13回までの復習,19
0.3325,COT200XE（計算基盤 / Computing technologies 200）ネットワークプログラミング／Network programming,下村　道夫（Michio SHIMOMURA）,https://syllabus.hosei.ac.jp/web/preview.php?no_id=2513808&nendo=2025&gakubueng=AP&t_mode=pc&radd=,ほぼすべてのアプリケーションはインターネットによる通信機能が漏れなく実装されている。サービスやアプリケーションに関する、研究・ＳＥ・開発といった職種で活躍することを目指す学生にとって、通信の仕組みと実装の基礎を理解しておくことは極めて重要である。 本講義では、インターネットでの通信機能の基礎知識とそれに関するプログラミング実装方法を講義と実習を通じて学ぶ。利用する言語はＣ言語である。,本講義では、コンピュータ通信の仕組みを理解して基礎的なネットワークプロトコルの理解とそのプログラミングができるようになることを到達目標とする。,"【Outline (in English)】 The aim of this course is to help students acquire the basic knowledge of communication functions on the Internet and how to implement programming related to it through lectures and practical training. The programming language used in this lecture is C. The goal of this lecture is to understand the mechanism of computer communication, basic Internet protocols like TCP and UDP and their programming using programing language C. Before/after each class meeting, students will be expected to spend four hours to understand the course content. Your overall grade in the class will be decided based on the following three times repots. 1st report: 20%、2nd report: 30% and 3rd report : 50%
【Default language used in class】 日本語 / Japanese",イントロダクション / 実習準備１ / 実習準備２ / 実習準備３ / IPアドレスの10進2進変換 / インターネット基礎、実習準備４ / ソケット通信の基礎 / ソケット通信の基礎 / HTTPクライアント / UDP通信の実装 / チャット（クライアント側） / チャット（サーバ側） / マルチプロセス / レポート課題実装,31
0.3271,COT200XE（計算基盤 / Computing technologies 200）計算の原理／Principle of computation,西田　誠幸（Seikoh NISHITA）,https://syllabus.hosei.ac.jp/web/preview.php?no_id=2513876&nendo=2025&gakubueng=AP&t_mode=pc&radd=,バグやセキュリティホールのない安全なソフトウェアを設計する手法として近年重要度を増しているフォーマルメソッド（形式手法・数理的技法）について学び、その基本的な考え方を修得します。,次の到達目標を掲げます。 1．安全なソフトウェアの設計に数理論理学が必須のツールであることを理解する 2. 証明支援ツールを用いて、プログラムの正しさに関する簡単な証明を遂行できる,"【Outline (in English)】 Course outline: this course focuses on formal methods and mathematical methods, which have become increasingly important as a method of designing secure software without bugs and security holes. Learning Objectives: the goal of this course are (1) to understand that mathematical logic is an essential tool in the design of secure software, and (2) to be able to perform simple proofs of program correctness using proof support tools. Learning activities outside of classroom: The standard amount of study outside of class time for preparation and review for each lecture is 4 hours. Students are expected to read through the textbook and video materials in advance and to work on homework assignments. This course will be offered as an intensive course. The textbook and video materials will be available one month prior to the start of the lecture. Grading Criteria / Policy: Your overall grade in the class will be decided based on the following; Homework in each class: 50%, term-end report : 50%.
【Default language used in class】 日本語 / Japanese",代数的データ型 / 簡約による等価性の証明 / Coq と形式的証明 / 帰納法による証明 / リスト型・直積型・オプション型 / 多相性と高階関数 / Coq におけるタクティック / 論理と形式的証明 / 帰納的に定義される命題 / マップ型 / 命令型プログラムにおける証明 / ホーア論理 / セキュアコーディング演習 / 講義と演習の振り返り,99
0.3241,COT200XE（計算基盤 / Computing technologies 200）関数型プログラミング／Functional programming,藤田　憲悦（Kenetsu FUJITA）,https://syllabus.hosei.ac.jp/web/preview.php?no_id=2513875&nendo=2025&gakubueng=AP&t_mode=pc&radd=,ソフトウエア開発において重要な位置にある関数型言語の基本的な機能を学び関数型プログラミングのテクニックと基礎理論を習得する。また関数型言語の特徴を理解し効果的な利用方法を学ぶ。関数型プログラミングの実践経験を通じて問題を論理的に捉え、設計の透過性を高めるスキルを涵養する。,つぎの項目の習得をゴールとする。 (1) 関数型言語における標準的なプログラム記述方法 (2) 再帰的関数と帰納法の利用方法 (3) 高階関数の記述と利用方法 (4) 多相型関数の記述と利用方法 (5) 再帰的データ構造とストリーム（無限リスト）の記述と利用方法 (6) 型検査と型推論の方法 (7) ラムダ記法・ベータ変換と活用とカリー・ハワード同型,"【Outline (in English)】 The aim of this course is to help students learn basic features of functional programming languages and acquire techniques in functional programming. Moreover, students learn the advantage of functional programming and become capable of utilizing it appropriately as well. The goals of this course are to learn (1) standard method of program description in functional programming languages, (2) the concept of recursive functions and induction, (3) higher order functions, polymorphic functions, inductive types, (4) the principle of type checking and type inference, and (5) lambda-calculus with beta-reduction and the Curry-Howard isomorphism. Students will be expected to have the relevant chapters from the text. Your study time will be more than four hours for a class. Grading will be decided based on reports (50%) and/or term-end examination (50%) depending on the methods of teaching.
【Default language used in class】 日本語 / Japanese",プログラミング言語いろいろ / 関数型言語の概要と基本文法 / 再帰的関数とパターンマッチ / 高階関数 / 多相型関数と型推論 / 再帰的データ構造 / 高度な話題 / 命題論理の意味論 / 命題論理の証明論 / 自然演繹の形式的体系NKの健全性と完全性 / ラムダ計算 / 型付きラムダ計算 / カリー・ハワード同型対応 / 総まとめと課題,98
0.3218,COT300XE（計算基盤 / Computing technologies 300）組込モデリング／Modeling for embedded system,若林　哲（Satoshi WAKABAYASHI）,https://syllabus.hosei.ac.jp/web/preview.php?no_id=2513823&nendo=2025&gakubueng=AP&t_mode=pc&radd=,組込モデリングの基礎を実例から学び、実際に組込アプリケーションを作成する技術を習得する。,組込モデリングの基本を習得し、実際にRaspberry Piのシステムを用いて組込機器のデザインができるようにする。,"【Outline (in English)】 Learn the basics of embedded modeling from actual examples and learn techniques to actually create embedded applications. Attendance is mandatory. Exercises and reporting will take place outside of class hours. Final grade will be determined by reports (60%) and presentations (40%). Special Courses in the Department of Applied Information Engineering.
【Default language used in class】 日本語 / Japanese",プログラミング言語Pythonの基礎 / プログラミング言語Pythonを使いこなす / プログラミング言語Pythonとは / Pythonで信号機を作る / Raspberry Piを動かす / ScratchでRaspberry Piを動かす / ユビキタスとIoT① / ユビキタスとIoT② / I2CでLCDを表示 / DCモーターを廻す / ADコンバータ / WebIOPiでRaspberry Piで制御する（１） / WebIOPiでRaspberry Piで制御する（２） / プレゼンテーション,46
0.3212,COT200XE（計算基盤 / Computing technologies 200）アセンブリ言語／Assembly language,和田　幸一（Koichi WADA）,https://syllabus.hosei.ac.jp/web/preview.php?no_id=2513795&nendo=2025&gakubueng=AP&t_mode=pc&radd=,「計算機アーキテクチャ」よりさら進んだアーキテクチャ項目を学習し，データ構造とそれを用いた高度なアセンブリ言語プログラミングの技法を学ぶ．また，言語処理プログラムであるアセンブラでの言語変換過程を理解する．,計算機アーキテクチャよりもさらに進んだアーキテクチャの各項目について説明ができる．高度なアセンブリ言語プログラミングの技法を使いこなせるようになり，アセンブラでの言語変換過程を説明できる．,"【Outline (in English)】 【outline and objectives】 This lecture is an advanced course of 'Computer Architecture' and the data structures and their programming techniques for highly advanced assembly language are studied. Also the structure and the behavior of assemblers are studied. 【goal】 Explain each item of architecture that is more advanced than computer architecture.Be able to use advanced assembly language programming techniques and explain the language conversion process in assembler. 【learning outside the classroom】 4 hours per week. 【grading criteria】 assignments and reports: 40% Exam: 60%
【Default language used in class】 日本語 / Japanese",オリエンテーション，仮想計算機とアセンブリ言語 / 配列とその支援機構 / 配列を利用したデータ構造とアルゴリズム / スタック / サブルーチンの基本 / サブルーチンの引数と結果の授受 / アルゴリズムと計算時間 / 内容理解確認 / ビット演算 / 浮動小数点表現 / 分数演算 / ポインタと連結リスト / アセンブラ / 内容理解確認,18
0.321,COT300XE（計算基盤 / Computing technologies 300）ハードウェアアルゴリズム／Hardware algorithms,和田　幸一、藤本　典幸,https://syllabus.hosei.ac.jp/web/preview.php?no_id=2513845&nendo=2025&gakubueng=AP&t_mode=pc&radd=,ハードウエアを利用した問題解決のためのアルゴリズムについて学習する． （1）並列計算理論の基礎とし，組合せ回路，順序回路，並列計算機の理論モデルとその上のアルゴリズムについて学ぶ． （2）数千のプロセッサコアを持つ多コアプロセッサであるGPUを用いた汎用計算について学び，そのプログラミング演習も行う．,(1) 組合せ回路と順序回路の設計法を理解できる．ソーティングに対するハードウエアアルゴリズムを具体的に説明できる．並列計算機のモデルであるPRAMとその上の並列アルゴリズムを説明できる． (2) プロセッサのマルチコア化・メニイコア化の理由を説明できる．GPUを用いた汎用計算を説明できる．CUDA C/C++による並列プログラムを理解できる．,"【Outline (in English)】 In this lecture, hardware algorithms to solve several useful problems are studied. (1) As a basis of parallel computation theory, theoretical models of circuits and parallel computers and their algorithms are studied. (2) We study general computation by using GPUs which are many core processors with thousands of processor cores and its programming exercises are given.
【Default language used in class】 日本語 / Japanese",組合せ回路と順序回路１ / 組合せ回路と順序回路２ / ソーティングネットワーク1 / ソーティングネットワーク2 / 並列計算機モデルPRAM１ / 並列計算機モデルPRAM2 / マルチコアプロセッサ / 並列計算機と並列プログラミング / GPUコンピューティング / CUDAプログラミング演習1 / CUDAプログラミング演習2 / CUDAプログラミング演習3 / CUDAプログラミング演習4 / CUDAプログラミング演習5,68
0.3097,COT300XE（計算基盤 / Computing technologies 300）情報工学ゼミナール／Seminar on information engineering,彌冨　仁、尾川　浩一、金井　敦、呉　謙、品川　満、平原　誠、三橋　秀生、李　磊、周　金佳、和佐　州洋、山岸　昌夫,https://syllabus.hosei.ac.jp/web/preview.php?no_id=2513815&nendo=2025&gakubueng=AP&t_mode=pc&radd=,次年度の卒業論文執筆の準備として、指導教員の専門分野における基礎知識を習得することを目標とする。,各実験室ごとに定められた課題を通じて専門分野の基礎知識を習得する。 Acquire basic knowledge of specialized fields through the tasks set for each seminar.,"【Outline (in English)】 As a preparatory stage for writing a graduation thesis in the next year, the goal of this course is to master basic knowledge in the specialized field of the supervisor. 【Goal】 Acquire basic knowledge of specialized fields through the tasks set for each seminar. 【Learning activities outside of classroom）】 The standard time to spend preparing and reviewing this lesson is 4 hours. 【Grading Criteria /Policy】 Each instructor evaluates the grades based on the product, report, and attitude. Pass if 60% or more of the target set for each seminar.
【Default language used in class】 日本語 / Japanese",講読文献・資料の選定 / 導入セミナー / 導入セミナー / 文献・資料の輪講指導 / 文献・資料の輪講指導 / 文献・資料の輪講指導 / 文献・資料の輪講指導 / 文献・資料の輪講指導 / 文献・資料の輪講指導 / 発表演習 / 発表演習 / 応用演習課題 / 応用演習課題 / 応用演習課題,38
0.3092,COT200XE（計算基盤 / Computing technologies 200）情報理論／Information theory,尾川　浩一（Ogawa KOICHI）,https://syllabus.hosei.ac.jp/web/preview.php?no_id=2513793&nendo=2025&gakubueng=AP&t_mode=pc&radd=,情報化社会の中で情報の伝送、蓄積などのための技術は年々高度化している。このような技術の背景には情報理論という数学的素養が必要となる。本授業では、このような情報という概念を数学的に体系化して取り扱うための基礎を学ぶ。,この講義では、まず定量的に情報を記述する方法を理解し、確率過程と情報量の関係やエントロピーの基礎概念を学ぶ。同時に、これらの情報を伝達する通信路に関して通信速度、通信路容量、符号化法などの理解を深める。これらを通して、情報の定量化に対する概念が理解でき、エントロピー、通信路容量、符号化の原理の基礎が習得できることを到達目標としている。,"【Outline (in English)】 【Course outline】 In the information society, technologies for transmitting and storing information are becoming more sophisticated year by year. In the background of such technology, a mathematical background called information theory is required. In this class, you will learn the basics of mathematically systematizing and handling the concept of information. 【Learning Objectives】 The goal of this course is to understand the mathematical background of information theory. 【Learning activities outside of classroom】 Students will be expected to have completed the required assignments after each class meeting. Your study time will be more than four hours for a class. 【Grading Criteria /Policy】 Final grade will be calculated according to the following process: short tests (20%), term end examination (80%).
【Default language used in class】 日本語 / Japanese",情報理論の背景 / 情報量１ / 情報量２ / マルコフ情報源１ / マルコフ情報源２ / マルコフ情報源３ / 情報源の符号化１ / 情報源の符号化２ / 情報源の符号化３ / 通信路１ / 通信路２ / 通信路３ / 通信路の符号化１ / 通信路の符号化２,16
0.3032,COT200XE（計算基盤 / Computing technologies 200）形式言語とオートマトン／Formal language theory and automata,和佐　州洋（Kunihiro WASA）,https://syllabus.hosei.ac.jp/web/preview.php?no_id=2513794&nendo=2025&gakubueng=AP&t_mode=pc&radd=,現実にある計算機は様々な機能を持つが，本質的な計算能力は変わらない．本講義では，オートマトンと呼ばれる抽象化した計算機に着目することで，計算の背後にある理論を理解することを目的とする．さらに，プログラミング言語などのように数学的に定義できる文字列の集合（形式言語）が，オートマトンとどのようなかかわりを持つか学ぶ．,形式言語とオートマトンに関連したいくつかの概念について，その定義や意味を説明できることを目標とする．具体的には， - 正規表現と有限オートマトンの関係 - 文脈自由言語とプッシュダウンオートマトンの関係 - 反復補題やMyhill-Nerode の定理 上記についての定義，および，定理の証明の概要を説明できることを目標とする．,"【Outline (in English)】 The aim of this course is to help students to understand the basic ideas of the theory of computation. In particular, this course focuses on formal languages and automata. The goal of this course is as follows: (1) Students can explain the definitions of finite automata and regular language. In addition, students can also explain the relationship between them. (2) Students can explain the definitions of pushdown automata and context-free language and their relation. (3) Students can explain the meaning and the proof sketch of pumping lemmata and the Myhill-Nerode theorem. Before/after each class meeting, students will be expected to spend four hours to understand the course content. Your overall grade in the class will be decided based on the following Term-end report: 60%、Mid-term examination: 40%.
【Default language used in class】 日本語 / Japanese",導入 / 決定性有限オートマトンと正規言語 / 非決定性有限オートマトン / 正規表現 / 正規言語に対する反復補題 / Myhill-Nerodeの定理 / 中間試験 / 文脈自由文法とプッシュダウンオートマトン / 文脈自由文法に対する反復補題 / 決定的文脈自由言語 (1) / 決定的文脈自由言語 (2) / チューリングマシン / 講義のまとめ / 試験,17
0.2992,COT300XE（計算基盤 / Computing technologies 300）自然言語処理／Natural language processing,壹岐　太一（Taichi IKI）,https://syllabus.hosei.ac.jp/web/preview.php?no_id=2513825&nendo=2025&gakubueng=AP&t_mode=pc&radd=,人間が日常的に使っている言葉（自然言語）をコンピュータで処理する自然言語処理は、人工知能の中心的課題の一つとして長年取り組まれています。近年では深層学習が自然言語処理でも適用され、これまでの技術的な課題を解決すると共に実応用も広がっています。本授業では、自然言語処理の基本的な考え方や手法を習得するとともに、深層学習を含めた最新の技術、問題点、応用例について学習します。,自然言語処理を自らの活動に応用できるようになることを到達目標とします。そのために、講義では自然言語処理や深層学習の基盤となる技術を理解します。また、演習では理解した技術を実際に問題に適用する経験を積みます。,"【Outline (in English)】 **Course Description** This course addresses how natural language is handled by computers. Topics include tokenization, fundamentals of machine learning, neural networks, applied tasks in natural language, and large language models. **Learning Objectives** In this course, students will learn basic concepts and state-of-the-art techniques of natural language processing and how to apply them to problems. **Learning activities outside of class** Standard time of activities is at least 4 hours per class, including preparation and programming exercises after each class. **Grading Criteria and Policies** Grades for this course will be determined based on the following items: Final report: 50%, programming exercises: 40%, normal scores: 10% The final report will evaluate the students' ability to apply the techniques learned in class to problems. Programming exercises will evaluate the students' understanding of concepts and techniques related to each topic. Normal scores evaluate the students' active participation in class, including questions. Students who achieve at least 60% of the learning objectives under this grading method are considered to have passed the course.
【Default language used in class】 日本語 / Japanese",自然言語処理の概要 / テキストの分割 / 自然言語処理のための機械学習の基礎 / ニューラルネットワーク / 言語資源の収集と作成 / 単語のベクトル表現 / 系列を扱うニューラルネットワーク(1) — 基礎 / 系列を扱うニューラルネットワーク(2) — 応用タスク / テキスト解析 / 大規模言語モデル(1) — 基礎 / 大規模言語モデル(2) — チューニング / 大規模言語モデル(3) — テキスト検索との組み合わせ / 大規模言語モデル(4) — マルチモーダル化・エージェント化 / 自然言語処理の今後の課題,48
0.2991,COT200XE（計算基盤 / Computing technologies 200）計算量の理論／Computational complexity,戸田　貴久（Takahisa TODA）,https://syllabus.hosei.ac.jp/web/preview.php?no_id=2513806&nendo=2025&gakubueng=AP&t_mode=pc&radd=,地図上の2地点を結ぶ最短ルートを求める問題と、与えられた整数を素因数分解する問題を比較した場合、コンピュータにとってどちらが難しいだろうか？あるいは、これらの問題と将棋の最善手を発見する問題を比較するとどうだろう？実際にプログラムを作ってみて問題を解くために必要な時間を比較すればいい？しかし、地図も整数も将棋の局面も無数にあるし、解くプログラムだって無限に存在する。この講義では、それらを一般的に議論するための計算量の理論と，その基礎となる計算可能性の理論を学ぶ．,１．計算の一般的な概念を理解し、問題の難しさを定量化する方法を習得する。 ２．代表的な計算量クラスと多項式時間還元性の概念を理解する。 ３．計算可能性の概念を理解する。,"【Outline (in English)】 In this course, we will study the theory of computational complexity. The theory of computational complexity provides a formal framework to analyze the difficulty of solving computational problems. The course introduces fundamental notions regarding computation such as complexity classes, polynomial-time reductions, and computability. The goals of this course is to understand these notions and to acquire methods of analyzing the difficulty of solving computational problems within the framework. Grading will be decided based on report assignments and term-end examination.
【Default language used in class】 日本語 / Japanese",イントロダクション / 計算の基本要素 / 計算時間の計り方 / 計算量の具体例 / クラスPとNP / 時間量クラス間の関係 / 多項式時間還元可能性 / 多項式時間還元可能性にもとづく完全性 / 総合演習 / 計算不可能性の証明と対角線論法 / 枚挙可能集合 / クラスRECとクラスRE / 算術階層 / 総合演習,29
0.2988,PHY200XE（物理学 / Physics 200）物理学応用（情報）／Applied Physics,原　仁（Hitoshi HARA）,https://syllabus.hosei.ac.jp/web/preview.php?no_id=2513853&nendo=2025&gakubueng=AP&t_mode=pc&radd=,"物理学は、自然科学の中で最も基礎的な学問分野の1つと位置づけられています。 物理学の基礎から考え方および手法を学び、物事を定性的に捉える考察力と定量的に捉える理解力を高めます。 物理学がどのように社会生活に応用されているか情報と関連づけながら授業を進めます。 Physics is positioned as one of the most fundamental disciplines in the natural sciences. Learn concepts and methods from the fundamentals of physics, raise discretion to qualitatively capture things, and enhance understanding ability to quantitatively grasp. Advance classes while associating physics with social life how it is applied to social life.","物理量と基本法則の理解力を養い、身近な生活空間にある自然現象や実際の応用として使われている物理学の基礎を学習します。 Learn the fundamentals of physical phenomena that are used as natural phenomena and practical applications in familiar living space, cultivating understanding of physical quantity and basic law.","【Outline (in English)】 Physics is positioned as one of the most fundamental disciplines in the natural sciences. Learn concepts and methods from the fundamentals of physics, raise discretion to qualitatively capture things, and enhance understanding ability to quantitatively grasp. Advance classes while associating physics with social life how it is applied to social life.
【Default language used in class】 日本語 / Japanese",概論Introduction / 運動の概念The concept of movement / 空間における運動Capturing movement in two dimensions / 力と運動Force and Eexercise / ニュートンの法則Newton's second law / 仕事とエネルギーWork and Energy / 力積と運動量Impulse and Momentum / 動力学Dynamics / 剛体の運動／流体Rigid body movement / Fluid / 振動／波Vibration / Wave / 音・光の特性Wave / Sound characteristics / アクティブラーニングActive learning / 総括Summary / 期末試験Final exam,76
0.2929,COT300XE（計算基盤 / Computing technologies 300）パターン認識／Pattern recognition,志水　信哉（Shinya SHIMIZU）,https://syllabus.hosei.ac.jp/web/preview.php?no_id=2513831&nendo=2025&gakubueng=AP&t_mode=pc&radd=,人間が行っている「識別」や「理解」という高度知的情報処理は、視覚や聴覚といった各種の外部刺激を脳で解析し行われている。コンピュータによってこれらの情報を処理する場合、解析対象となる各種情報を情報列「パターン」として扱うことになる。本講義では、各種パターンをどのように解析、処理することで、さまざまな対象の「識別」や「認識」が可能となるのかについて、その概要（理論・方法）を学ぶ。,様々な対象の「識別」や「認識」を目的として、パターンをどのように取得、解析し、処理していくかについての概要（理論、方法）を学び、実際に自分の興味のある識別・認識問題に対して、アプローチしていく基礎知識を身につける。,"【Outline (in English)】 (Course Outline) Computers recognize images or signals by handling information to be undestood as patterns. This course introduces theories and methods of pattern recognition such as image recognition to students taking this course. (Learning Objectives) The goals of this course is acquiring basic knowledge and skills for applying pattern recognition methods to practical tasks. (Learning activities outside of classroom) Before/after each class meeting, students will be expected to spend four hours to understand the course content. (Grading Criteri / Policy) Term-end report: 70%, in class cotribution: 30%.
【Default language used in class】 日本語 / Japanese",ガイダンス、パターン認識とは / デジタル画像 / 色彩情報 / 特徴の記述（１） / 特徴の記述（２） / パターン照合による認識 / ベイズ / 決定木 / アンサンブル学習 / サポートベクタマシン / ニューラルネットワーク（1） / ニューラルネットワーク（2） / ニューラルネットワーク（3） / ニューラルネットワーク（4）及び課題,54
0.2923,COS300XE（計算科学 / Computational science 300）最適化数学／Optimization,平原　誠（Hirahara MAKOTO）,https://syllabus.hosei.ac.jp/web/preview.php?no_id=2513842&nendo=2025&gakubueng=AP&t_mode=pc&radd=,目的の値を最大化あるいは最小化する解を求めることを最適化と呼ぶ．利益の最大化，コストの最小化，経路の最短化，効率の最大化など，最適化が登場する場面を挙げればきりがない．一見関係なさそうなパターン認識，機械学習，予測，データ解析などを支える基礎としても重要である最適化について学ぶ．,学生は以下を身に着けることができる： ・最適化手法の導出 ・最適化手法の実装 ・最適化手法の理解に必要な数学の基礎,"【Outline (in English)】 Optimization is the process of finding variable values that maximize or minimize an objective function (e.g. maximizing profit, minimizing cost). This course introduces fundamental methods for solving real-valued optimization problems that arise in various areas of science and engineering. Topics include Lagrangian method, gradient method, Newton's method, Quasi-Newton method, conjugate gradient method, Levenberg-Marquardt method and Gauss-Newton method. This course places emphasis on mathematical derivation and computer implementation of the optimization methods. At the end of this course, students are expected to derive the methods and implement them from scratch in Excel. Students will be expected to have completed the required assignments after each class meeting. Before/after each class meeting, students will be expected to spend four hours to understand the course content. Final grade will be calculated according to the following process: homework (30%) and term-end examination (70%).
【Default language used in class】 日本語 / Japanese",導入 / 数学的準備１ / 数学的準備２ / 数学的準備３ / 関数の極値１ / 関数の極値２ / ラグランジュの未定乗数法 / １次元最適化手法 / 勾配法 / ニュートン法 / レーベンバーグ・マーカート法 / 共役勾配法 / 準ニュートン法 / ガウス・ニュートン法,65
0.2919,COT400XE（計算基盤 / Computing technologies 400）コンピュータビジョン／Computer vision,清水　郁子（Ikuko SHIMIZU）,https://syllabus.hosei.ac.jp/web/preview.php?no_id=2513833&nendo=2025&gakubueng=AP&t_mode=pc&radd=,コンピュータを用いて画像から対象に関する様々な情報を取り出して利用するための工学的手法を学習する．,基本的な画像処理手法を身に着ける．画像からどのような情報が得られるのかを理解する．様々なアプリケーションについて知る．,"【Outline (in English)】 （Course outline） The objective of this lecture is to learn basic methods to obtain various types of information about the scene in the image using computer. （Learning Objectives） Acquire basic image processing techniques. Understand what kind of information can be obtained from images. Learn about the various applications. （Learning activities outside of classroom） Assignments will be submitted and feedback will be provided through the ""Learning Support System (Hoppii)"" The standard amount of study outside of class hours for preparation and review of this class is 4 hours. To help students understand the class, exercises will be performed in class and submitted after the class. Assignments may include simple programming.
【Default language used in class】 日本語 / Japanese",コンピュータビジョンとは / 画像の撮像原理 / デジタル画像の基礎 / 基本的な画像処理１ / 基本的な画像処理２ / 特徴抽出 / 幾何要素の抽出１ / 幾何要素の抽出２ / 2値画像処理 / 画像と空間の関係 / 3次元構造の推定 / ステレオカメラ / 動画像処理 / 物体の認識,56
0.2896,COT300XE（計算基盤 / Computing technologies 300）組込アプリケーション／Embedded application,門　勇一,https://syllabus.hosei.ac.jp/web/preview.php?no_id=2513835&nendo=2025&gakubueng=AP&t_mode=pc&radd=,パワーエレクトロニクス分野の組み込みアプリケーションを例にして、組み込み系システムが材料・デバイス技術、電力変換回路構成技術、フィードバック制御技術、サイバー・物理融合システム技術、等の材料からシステムに至る技術階層で成り立っている事を学びます。エネルギーを扱うパワーエレクトロニクス分野は電気自動車、ロボット、ドローンから再生可能エネルギー源を活用する直流マイクログリッドに至るまで、これからの日本の産業力強化や持続可能な生活基盤の構築に関わる極めて重要な分野である事を解説します。また、単品の製品からネットワークに接続され、人工知能が実装され、価値あるサービスを提供するスマートコネクテッド製品（Smart Connected Product）としての設計していく事が重要になる背景を理解します。,持続可能な社会インフラストラクチャーの実現と自然再生可能エネルギー源由来の電気エネルギーを活用して動く電気自動車、ロボット、ドローン等の実現に不可欠な組み込みパワーエレクトロニクス・ユニットを例にして、組み込み系の技術階層を理解します。具体的には、組み込み系を構成する材料・デバイス層から、回路層、モジュール・装置層、システム層に至る各階層における重要な知識、コンセプト、及び制御理論を学び、これらの技術階層を統合して、社会やユーザーに価値の高いサービスを提供するSmart Connected Productを設計するために必要な基礎力を習得します。,"【Outline (in English)】 （Course outline） Taking embedded applications in the field of power electronics as an example, we will learn that it consists of a technical hierarchy from materials to systems such as material / device technology, power conversion circuit configuration technology, feedback control technology, cyber / physical fusion system technology, etc.. The field of power electronics dealing with energy is an extremely important field related to strengthening Japan's industrial power and building a sustainable living infrastructure in the future, from electric vehicles, robots and drones to DC microgrids that utilize renewable energy sources. You will also learn that it is important to design a Smart Connected Product that is connected to the network from a single product, has artificial intelligence implemented, and provides valuable services. （Learning Objectives） In order to understand the technology hierarchy of embedded systems, we will create embedded power electronics units that are indispensable for electric vehicles, robots, drones, etc. that operate by utilizing the infrastructure that realizes a sustainable society and the electric energy derived from natural renewable energy sources. Let's take an example to understand. Specifically, we will learn important knowledge, concepts, and control theories in each layer from the material / device layer that constitutes the embedded system to the circuit layer, module / device layer, and system layer, and integrate these technical layers. To acquire the basic skills necessary to design a Smart Connected Product that provides high-value services to society and users. （Learning activities outside of classroom） Lecture materials will be distributed in advance via the ""learning support system"". Read it before the lecture, and learn the basic knowledge of electric circuits, electromagnetism, etc. described in the materials in advance. Each time, the necessary physics is supplemented in the lecture. （Grading Criteria /Policy） In addition to the normal score (40%), grades will be evaluated based on the content of the submitted report (60%) by giving report assignments in the middle and end of the lecture.
【Default language used in class】 日本語 / Japanese",パワーエレクトロニクス分野における組み込み系 / パワーエレクトロニクス分野における組み込系の基礎（１） / パワーエレクトロニクス分野における組み込系の基礎（２） / パワーエレクトロニクス分野における組み込系の基礎（３） / 組み込み型電力変換回路（１） / 組み込み型電力変換回路（２） / 組み込み型電力変換回路（３） / 組み込み型電力ユニットの制御（１） / 組み込み型電力ユニットの制御（２） / 組み込み型電力ユニットの制御（３） / 組み込み型電力ユニットの制御（４） / 組み込み型電力ユニットの制御（５） / スマートコネクテッド製品（Smart Connected Product） / 機械学習機能の実装と提供サービスの革新,58
0.2855,PRI200XE（情報学基礎 / Principles of informatics 200）組み合わせアルゴリズム／Combinatorics,李　磊（Lilei LILEI）,https://syllabus.hosei.ac.jp/web/preview.php?no_id=2513800&nendo=2025&gakubueng=AP&t_mode=pc&radd=,離散集合と離散構造、行列の基礎概念、行列積の高速アルゴリズム、逆行列の高速アルゴリズム、行列のLUP分解、LUP分解の応用、ブール行列の乗算、離散的フーリエ変換、高速フーリエ変換のアルゴリズム、畳込み演算、整数論変換、多項式変換、多項式積の計算、多項式の除算、まとめ。,組み合わせアルゴリズムの基礎を学び、効率の良いプログラム作成技術を習得することを目標とする。,"【Outline (in English)】 This lecture will include the following topics : Discrete set and discrete structure, Basic concept of matrix, Fast algorithm of matrix product, Fast algorithm of matrix inversion, LUP decomposition of matrix, Applications of LUP decompsition, Boolean matrix product, DFT, FFT Algorithm, Convolution, FNT, FPT, Polynomial product, Polynomial division etc. The goal is learning foundation of combination algorithms and efficient program technology. Data structure and Algorithms is needed for preparation using about 4 hours outside of the class. Grading criteria is based on the score of final exam, 60% or more is needed for pass.
【Default language used in class】 日本語 / Japanese",離散集合と離散構造 / 行列の基礎概念 / 行列積の高速アルゴリズム / 逆行列の高速アルゴリズム / 行列のLUP分解 / LUP分解の応用 / ブール行列の乗算 / 離散的フーリエ変換 / 高速フーリエ変換のアルゴリズム / 畳込み演算 / 整数論変換 / 多項式変換 / 多項式積の計算 / 多項式の除算,23
0.2821,COT400XE（計算基盤 / Computing technologies 400）セキュアシステム設計／Secure system and design,金井　敦（Atsushi KANAI）,https://syllabus.hosei.ac.jp/web/preview.php?no_id=2513832&nendo=2025&gakubueng=AP&t_mode=pc&radd=,セキュアな情報システムとするための原理や手法を、インターネットに接続されたＬＡＮとシステムで構成されるネットワークシステムを基本に学ぶ。また、企業の最先端の情報や実習を交えて、実践的な学習を行う。,様々な攻撃や内部漏えいを防止するためのネットワークやコンピュータシステムを実現するために、攻撃手法と防御手法を理解し、ネットワークを含めた初歩的なセキュア・システム設計および対策ができるようになることを目標とする。,"【Outline (in English)】 Course outline: Learn the principles and methods for creating secure information systems, based on network systems composed of LANs and systems connected to the Internet. Additionally, engage in practical learning by incorporating cutting-edge information and hands-on exercises from companies. Learning Objectives: The goal is to understand attack methods and defense techniques in order to realize networks and computer systems that prevent various attacks and internal leaks. This includes being able to design secure systems and implement countermeasures, including basic network security design. Learning activities outside of classroom: After each class meeting, students will be expected to spend four hours to understand the course content. Grading Criteria/Ploicy: Evaluation will be based on small reports and a final assignment equivalent to an exam (scored out of 50 points). Submission of the final assignment is mandatory, and a total score of 60 points or higher, combining the small reports and the final assignment, is required to pass. Attitude and participation in class will be considered as regular points to adjust the evaluation.
【Default language used in class】 日本語 / Japanese",ガイダンスおよびセキュリティの全体像と最新動向 / ネットワーク攻撃の種類と概要 / 法律とITシステム / 企業における情報セキュリティの取り組み事例 / レイヤ４以上での攻撃（サイバー攻撃対策） / レイヤ４以上での攻撃（Ｗｅｂ） / レイヤ４以上での攻撃（電子メール） / LAN上でのセキュリティ（レイヤ１と２） / レイヤ３での攻撃 / セキュリティプロトコル / 防御方式とネット構成（セキュアネットワーク） / 防御システム構成と各種サーバ構成（クラウドセキュリティ） / 重要なセキュリティ対策技術（解析技術） / 総まとめ,55
0.2789,HUI200EX（人間情報学 / Human informatics 200）IoTシステム工学／IoT System Engineering,品川　満（Mitsuru SHINAGAWA）,https://syllabus.hosei.ac.jp/web/preview.php?no_id=2513887&nendo=2025&gakubueng=AP&t_mode=pc&radd=,我々の身の回りには小型コンピュータがいたるところに存在する。このような環境をユビキタスコンピューティングと呼び、いつでも、どこでも、だれでも、様々な情報通信サービスが利用できる。ユビキタスコンピューティングはIoTという名称に変わり発展し続けている。誰にとっても使いやすいIoTシステムを実現するための様々な要素技術を理解することを目的とする。,"到達目標は、IoTの概念を理解することである。通信技術、センサ技術、ネットワーク技術、ソフトウエア技術などのIoTシステム工学に関わる要素技術を習得し、それぞれの技術を実際のシステムに適用できるようになる。 The goal is to understand IoT system. Learn elemental technologies related to IoT system such as communication technology, sensor technology, network technology, and software technology. These technologies can be applied to actual systems.","【Outline (in English)】 The aim of this course is to help students acquire understand the background and concept of ubiquitous computing. Ubiquitous computing has been changed into IoT and continues to evolve. I will lecture on various hardware and software element technologies for achieving useful IoT services. 【Goal】 The goal is to understand Mark Weiser's advocacy of ubiquitous computing. Learn elemental technologies related to ubiquitous computing such as communication technology, sensor technology, network technology, and software technology. These technologies can be applied to actual systems. 【Learning activities outside of classroom）】 The standard time to spend preparing and reviewing this lesson is 4 hours.Get the latest information on information and communications from the Internet, newspapers and television. Be aware of where small computers such as smartphones, personal computers, and networks are used. 【Grading Criteria /Policy】 Grades are evaluated based on final exams, tests, and final reports. 70 points for the final exam or final report assignment, and 30 points for the test. Pass 60 points or more. Attendance rate of 70% or higher is required for grade evaluation.
【Default language used in class】 日本語 / Japanese",計測技術 / バッテリ技術 / ＬＳＩ技術 / マイコン / 電磁波 / 無線通信（一次変調） / ソフトウエア無線実習（１） / 無線通信（二次変調） / デジタル変調 / ソフトウエア無線実習（２） / 無線LAN / 光ファイバ通信技術 / 重要事項整理 / 重要事項理解度確認,110
0.2783,COT300XE（計算基盤 / Computing technologies 300）ソフトコンピューティング／Soft computing,李　磊（Lilei LILEI）,https://syllabus.hosei.ac.jp/web/preview.php?no_id=2513826&nendo=2025&gakubueng=AP&t_mode=pc&radd=,授業のテーマは下記の通りである。はじめに、ニューロンのモデル、ニューラルネットワークの学習、ホップフィールドネット、ボルツマンマシン、ファジィの原理、ファジィ推論、遺伝的アルゴリズムの原理、遺伝的アルゴリズムの流れ、ニューラルネットワークの応用例、ファジィの応用例、遺伝的アルゴリズムの応用例、異なる手法の融合、まとめ。,ニューラルネットワークは脳を模擬しようとし、ファジィは人間の主観的な情報処理方式を、遺伝的アルゴリズムは生物の進化のメカニズムを模擬しようとしている。この講義で、これらのソフトコンピューティングという情報処理の手法を紹介する。様々の応用問題に適用できる能力を身につけてもらう。,"【Outline (in English)】 This lecture will include the following topics : Introduction, Model of neuron, Learning for Neural network, Hopfield network, Boltzmann machine, Principle of the Fuzzy, Fuzzy inference, Principle of genetic algorithm, Procedure of genetic algorithm, Application of neural network, Application of Fuzzy, Application of genetic algorithm, Fusion of different algorithms, etc. The goal is learning various softcomputing methods to solve many application problems. Data structure and Algorithms is needed for preparation using about 4 hours outside of the class. Grading criteria is based on the score of final exam, 60% or more is needed for pass.
【Default language used in class】 日本語 / Japanese",はじめに / ニューロンのモデル / ニューラルネットワークの学習 / ホップフィールドネット / ボルツマンマシン / ファジィの原理 / ファジィ推論 / 遺伝的アルゴリズムの原理 / 遺伝的アルゴリズムの流れ / ニューラルネットワークの応用例 / ファジィの応用例 / 遺伝的アルゴリズムの応用例 / 異なる手法の融合（1） / 異なる手法の融合（2）,49
0.2754,PRI100XE（情報学基礎 / Principles of informatics 100）Introduction to Computer Science and Information Technology／Introduction to Computer Science and Information Technology,周　金佳、彌冨　仁、鳥飼　弘幸、黄　潤和、栗田　太郎、余　恪平,https://syllabus.hosei.ac.jp/web/preview.php?no_id=2514179&nendo=2025&gakubueng=AP&t_mode=pc&radd=,"This class is a part of the group of English based global open classes, which aims at giving students chances of global experience. Students can acquire comprehensive introductory knowledge and insight on the important fields in computer science and information.","Students can acquire a clear and comprehensive perspective of R/D issues in the field of computer science and information technology. Students can learn scientific (mathematical, physical) bases of cutting-edge technologies with large practical significance.","【Outline (in English)】 This class is a part of the group of English based global open classes, which aims at giving students chances of global experience. Students can acquire comprehensive introductory knowledge and insight on the important fields in computer science and information. After each class, students are expected to spend 1 hour understanding the course content. The final grade will be evaluated based on reports (90%), and in-class contribution (10%).
【Default language used in class】 英語 / English",Introduction and Multimedia processing / Information Networks / Software Engineering 1 / Software Engineering 2 / Image and Intelligent information processing 1 / Image and Intelligent information processing 2 / Biomimetic and AI electronic circuits 1 / Biomimetic and AI electronic circuits 2 / Pattern recognition 1 / Pattern recognition 2 / Ubiquitous systems software and artificial intelligence 1 / Ubiquitous systems software and artificial intelligence 2 / Computer system design and innovation 1 / Computer system design and innovation 2,112
0.2741,COT300XE（計算基盤 / Computing technologies 300）情報ネットワーク設計論／Information network design,金井　敦（Atsushi KANAI）,https://syllabus.hosei.ac.jp/web/preview.php?no_id=2513816&nendo=2025&gakubueng=AP&t_mode=pc&radd=,情報通信の基本について理解していることを前提に、通信レイヤ２，３，４のプロトコルや仕組みを深く理解した上で、具体的に小規模なLANを設計、構築する基礎的な知識と方法を学ぶ。,インターネット接続を意識した、レイヤ２～４プロトコルおよびネットワーク制御や利用に必要な一部のサーバについて学ぶ。さらに、小規模なローカルエリアネットワーク(LAN)を具体的に設計できるようになることを目標とする。,"【Outline (in English)】 Course outline: Based on an understanding of the fundamentals of information and communication, learn the basic knowledge and methods for deeply understanding Layer 2, 3, and 4 protocols and mechanisms, and for concretely designing and building a small-scale LAN. Learning Objectives: Learn about Layer 2 to Layer 4 protocols with a focus on Internet connectivity, as well as some servers necessary for network control and usage. Additionally, aim to be able to design a small-scale local area network (LAN) in detail. Learning activities outside of classroom: After each class meeting, students will be expected to spend four hours to understand the course content. Grading Criteria/Ploicy: Evaluation will be based on small reports and a final assignment equivalent to an exam (scored out of 50 points). Submission of the final assignment is mandatory, and a total score of 60 points or higher, combining the small reports and the final assignment, is required to pass. Attitude and participation in class will be considered as regular points to adjust the evaluation.
【Default language used in class】 日本語 / Japanese",情報ネットワークの歴史と発展 / 通信方式概観 / ネットワークプロトコル構成 / レイヤ２プロトコル（CSMA/CD） / IPアドレス / レイヤ3プロトコル / アドレス変換とサブネットワーク / レイヤ４プロトコルおよび通信速度 / LANの構成法の基本 / セキュリティプロトコル / ネットワーク構成とセキュリティ / 各種サーバ / ネットワーク設計の演習 / 設計、構成例とまとめ,39
0.2738,COT100XE（計算基盤 / Computing technologies 100）組込システムの基礎／Fundamental of embedded systems,足立　正二（Shoji ADACHI）,https://syllabus.hosei.ac.jp/web/preview.php?no_id=2513789&nendo=2025&gakubueng=AP&t_mode=pc&radd=,組込システムとは専用のハードウエアにMPUと制御ソフトウエアを組込んだシステムであり、家電や自動車、産業や社会インフラなどにおいて広く使われてる。本授業では、組込システムや組込システムに使われるセンサ、制御、通信ネットワークの基本的かつ体系的な知識を学び、社会や産業における組込システムの役割を理解する。,組込システムで必要となる用語、基礎的事項（ハードウェア、ソフトウェア）、周辺技術（信号処理技術、センサ、ネットワーク など）、応用に関する知識などを身につけ、日常目にする組込システム（民生品、産業機器）の機能がどのように実現されているかを理解できることを目標とする。,"【Outline (in English)】 【Course outline】 Embedded systems are systems in which MPU and control software are embedded in dedicated hardware, and are widely used in home appliances, automobiles, industry, and social infrastructure. In this lecture, students will learn basic and systematic knowledge of embedded systems and sensors, controls, and communication networks used in embedded systems, and understand the role of embedded systems in society and industry. 【Learning Objectives】 The objective of this course is to acquire the terminology, basic items (hardware, software), peripheral technologies (signal processing technology, sensors, etc.), and knowledge of applications required for embedded systems, and to understand how the functions of embedded systems (consumer products, industrial equipment) that we see in our daily lives are realized. 【Learning activities outside of classroom】 Preparation and review time for this class requires 4 hours for each session (standard). It is recommended that students study in advance with textbooks and reference books based on the theme and content of each session. 【Grading Criteria /Policy】 Evaluation will be based on a combination of the results of participation and attitude (about 30%) and report (about 70%).
【Default language used in class】 日本語 / Japanese",組込システム入門 / 組込システムの事例 / ハードウェア技術（１） / ハードウェア技術（２） / ハードウェア技術（３） / ソフトウエア技術（１） / ソフトウエア技術（２） / 基本I/O / 外部周辺機器 / 信号処理のための電子回路技術（１） / 信号処理のための電子回路技術（２）、電子機器のハードウェア/ソフトウェア構成の基本 / 組込システムの開発の流れ、レポート課題の説明 / ネットワークとセキュリティ / 制御技術入門、レポート課題の回答例の説明,12
0.2707,COT300XE（計算基盤 / Computing technologies 300）ネットワークアプリケーション設計論／Network application design,原　潤一,https://syllabus.hosei.ac.jp/web/preview.php?no_id=2513824&nendo=2025&gakubueng=AP&t_mode=pc&radd=,我々が日々利用しているサービスの多くは、インターネットを介したネットワークアプリケーションとして提供されている。例えば、SNS（ソーシャルネットワーキングサービス）などはその典型である。本授業では、こうしたネットワークアプリケーションの概要を理解し、設計のための基本的な知識や関連するウェブ技術に関する知識を、実践を通じて習得する。,ネットワークアプリケーションを設計する際に必要な知識を習得し、最適解を導くことができるようになることを目的とする。 1. ネットワークアプリケーションにおいて必要となる要素を説明できる。 2. それぞれの要素における選択肢を理解し、特徴を説明できる。 3. それぞれの要素における選択肢から、要件にあった最適な技術を選択できる。 4. ネットワークアプリケーションを企画し、設計を要件定義として整理できる。,"【Outline (in English)】 This class let you know to get an overview of these network applications and gain a basic knowledge of design and knowledge of related web technologies through practice. Your grade will be evaluated based on the number of class attendance, reports, tests, and assignments. The next lecture will be announced at the time of class, so you should prepare for the class before attending the class. After class, we will review the reports that are imposed as needed. Even if there are no report, please review the contents and thoroughly review them. The preparation and review of this class is 4 hours each.
【Default language used in class】 日本語 / Japanese",ネットワークアプリケーションの歴史 / 要件定義と設計 / ウェブ周辺技術 / ユーザと認証・認可 / 企画プレゼンテーション / 言語・フレームワークの特徴と構成 / ソフトウェア基盤 / システム基盤 / 国際化、ユーザビリティ・アクセシビリティ / システム開発手法、評価指標 / ソフトウェアテスト、運用・保守 / 情報セキュリティ / ネットワークアプリケーション構築演習 / 全体のまとめ,47
0.2704,HUI200XE（人間情報学 / Human informatics 200）感性工学／KANSEI engineering,倉掛　正治（Shoji KURAKAKE）,https://syllabus.hosei.ac.jp/web/preview.php?no_id=2513811&nendo=2025&gakubueng=AP&t_mode=pc&radd=,視覚、聴覚、体性感覚（触覚を含む）のそれぞれに対して、感覚対象の物理的特性、人の感覚の仕組み、各感覚対象に対するコンピュータでの処理の基礎技術、を学ぶ。,・聴覚、視覚、体性感覚の仕組みを理解する。 ・人の感覚の仕組みに関連して、音楽における音律理論、ＨＴＭＬ・印刷物・服などにおける正確な色指定、部屋の照明・音環境の設計などの事例を知る。 ・錯覚を含む人の知覚特性の例を知る。 ・光・音・接触をコンピュータで処理する基本技術を取得する。 ・ＶＲでの触覚の利用など、人の感性に沿ったコンピュータ処理の実例を知る。,"【Outline (in English)】 Students will learn the basics of the physiology of vision, hearing, and somatosensory. Then they will learn some computing methods to process sensor data in accordance with human perception, which are called ""KANSEI"" information processing. [Learning activities outside of classroom] The review and the preparation of each lesson will take 4 hours. [Grading Criteria /Policy] Grade is determined 40% by the submission of the assignment for each lesson, 50% by the evaluation of tests during classes and 10% by the evaluation of a report on the issue assigned within a class.
【Default language used in class】 日本語 / Japanese",聴覚、視覚、体性感覚の特性と錯覚 / 音の物理的特性 / 人の聴覚の特性 / 聴覚認知 / 聴覚認知（続き）聴覚の生理的仕組み / 音声および音声処理の基礎 / 感覚知覚過程の一般的特性 / 光の物理的特性と視覚の仕組み感覚知覚過程の一般的特性（続き） / 視覚の仕組み（続き） / 明るさの知覚 / 形と大きさの知覚色の知覚 / 視覚処理のモデル化体性感覚（触覚）の知覚と感情 / レポート検討 / レポートのレビュー感覚処理の応用,34
0.2703,COT300XE（計算基盤 / Computing technologies 300）セキュア・プログラミング／Secure programming,斉藤　典明（Noriaki SAITO）,https://syllabus.hosei.ac.jp/web/preview.php?no_id=2513879&nendo=2025&gakubueng=AP&t_mode=pc&radd=,現在の社会は、様々なソフトウェアによって成り立っている。ソフトウェアの不具合やサイバー攻撃によってソフトウェアが正常に動作しなくなることで社会への影響は甚大なものになる。よって社会基盤となりうるセキュアなソフトウェアを開発するための手法について学ぶ。,主にサイバー攻撃対策を対象にしたセキュアなソフトウェアの開発方法と意義について理解し、ソフトウェア開発で必要となる知識と技能を習得する。 ソフトウェア開発手法を踏まえてセキュアなコードの書き方やIT技術者として押さえておくべきポイントを解説する。 就職・インターンシップや入社後に必要となる実務的なスキルが身につく。,"【Outline (in English)】 - Course outline Many functions at the current society has been built by using many and complexity software. So,if they have some vulnerabilities of the software to cyber attacks or some incidents,our current society may be enormous damage. To solve such problem, this course lecture how to make secure software. - Learning Objectives By the end of the course, students should be able to do the followings: It will be able to know the vulnerabilities of a software. It will be able to know secure programing method and get its skills. - Learning activities outside of classroom Students will be expected to have completed the required assignments after lesson. Your study time will be more than four hours for a class. - Grading Criteria /Policies Your overall grade in the class will be decided based on the following Usual 14 reports: 90%, Final report (it is mandatory): 10%
【Default language used in class】 日本語 / Japanese",ガイダンス・セキュアプログラミングの必要性 / サイバー攻撃と脆弱性情報の所在 / ソフトウェア開発における課題 / オペレーティングシステムに関する補足とセキュリティデータ分析 / 設計における課題 / 実装における課題 / 運用における課題 / 演習準備 / 演習１：Webプログラミングにおける課題 / 演習２：Webプログラミングからの考察 / 演習３：SQLにおける課題 / 演習４：C言語における課題 / セキュリティ検査とセキュリティ対策 / スキルアップに向けて・まとめ,102
0.2694,PRI200XE（情報学基礎 / Principles of informatics 200）データ構造とアルゴリズム／Data structure and algorithm,李　磊（Lilei LILEI）,https://syllabus.hosei.ac.jp/web/preview.php?no_id=2513786&nendo=2025&gakubueng=AP&t_mode=pc&radd=,授業のテーマは下記の通りである。（１）アルゴリズム解析、（２）ソーティング、（３）探索、（４）パターン照合、（５）グラフ、（６）さらに学ぶために。,授業の到達目標として、アルゴリズムの基礎を学び，効率の良いプログラム作成技術を習得することを目標とする。,"【Outline (in English)】 This lecture will include the following topics : (1) Analysis of algorithms, (2) Sorting, (3) Searching, (4) Pattern matching, (5) Graph, (6) P and NP problems. The goal is learning foundation of algorithms and efficient program technology. C or C++ Programming Language is needed for preparation using about 4 hours outside of the class. Grading criteria is based on the score of final exam, 60% or more is needed for pass.
【Default language used in class】 日本語 / Japanese",アルゴリズム解析1 / アルゴリズム解析2 / アルゴリズム解析3 / アルゴリズム解析4 / ソーティング1 / ソーティング2 / ソーティング3 / 探索 / パターン照合1 / パターン照合2 / グラフ / さらに学ぶために1 / さらに学ぶために2 / さらに学ぶために3,9
0.269,COT200XE（計算基盤 / Computing technologies 200）ソフトウェア工学／Software Engineering,原　潤一（Junichi HARA）,https://syllabus.hosei.ac.jp/web/preview.php?no_id=2513886&nendo=2025&gakubueng=AP&t_mode=pc&radd=,現代の情報化社会においてソフトウェアは必要不可欠となっている。一方、ソフトウェアは大規模化・複雑化の一途を辿っており、効率よく開発を行うためにはさまざまな技術が求められる。更に、このような大規模で複雑なソフトウェアの開発を行う場合、多くの人が関わってくる。本講義では、ソフトウェアを開発する上の種々の問題を乗り越えるために必要な技術の基礎を工学的に学んでいく。,ソフトウェア開発技術を中心とし、ソフトウェア開発に関わる基礎的な知識を適切に説明できることを目標とする。具体的には、開発の基本であるウォーターフォール・モデルをベースにし以下の三点を説明できることとする。(1)要求仕様、設計、コーディング、デバッグ、テスト、および保守について工学的観点で説明できること。(2)開発者と品質保証者の両方の立場でソフトウェア開発を具体的に説明できること。(3)ソフトウェア開発の管理手法を説明できること。,"【Outline (in English)】 In modern society, software contained in information systems has been indispensable. Software is becoming more extensive and complex, and various techniques are required to develop it efficiently. In addition, developing such complex software involves many people. In this course, students learn the basics of techniques for developing such software. By the end of this course, students should be able to do the followings: - Students can explain each phase of software development. - Students can demonstrate software modeling. - Students can explain several techniques in software design, such as object-oriented programming. Before/after each class meeting, students will be expected to spend four hours to understand the course content. Your overall grade in the class will be decided based on the following Term-end report: 60%, Short tests: 40%.
【Default language used in class】 日本語 / Japanese",概要 / 要求仕様定義の概要 / 要件仕様の検証 / 要件仕様のバグ / 設計の概要：モジュール分割 / 設計の概要：データ構造の設計 / 設計の概要：モデリング / コーディング / 品質保証：デバッグとテスト / 品質保証：デバッグの実践的な実施方法 / 品質保証：テストによる品質制御 / 保守とバージョンアップ / 見積もり技術とソフトウェア開発の課題 / テスト,109
0.2667,HUI300EX（人間情報学 / Human informatics 300）情報工学実験2／Experiments in Information Engineering II,李　磊、和田　幸一、周　金佳、山岸　昌夫,https://syllabus.hosei.ac.jp/web/preview.php?no_id=2513812&nendo=2025&gakubueng=AP&t_mode=pc&radd=,応用情報工学における、問題や課題、及び解決方法の「発見」にもとづき、課題の解決に向かって「創造」する態度を身につける。,学生諸君は、この実験の実施からレポートの作成、教員による試問というプロセスを通じて、のちの職業に欠かせない業務遂行のサイクルを習得していただきたい。,"【Outline (in English)】 【Course outline】There are 11 projects for the experiments. Through the required tasks, students learns the basic skills for research and development. 【Learning Objectives】Students are to understand basics of each experiment.【Learning activities outside of classroom】Before each class meeting, students will be expected to have read the relevant chapter(s) from the text.【Grading Criteria /Policy】Students must complete all experiments, submit a report for each experiment (50%), and pass the corresponding oral examination (50%). The final evaluation will be based on a comprehensive assessment of these components.
【Default language used in class】 日本語 / Japanese",ソートアルゴリズムの実装と性能評価（李） / 連立一次方程式の解法の実装と性能評価（李） / 電卓部品の特性評価（和田） / 電卓の設計（和田） / 信号のパワースペクトル推定（周） / 信号の変復調と多重化（周） / イントラネットの構築 / サービスの創造 / Viola-Jones法による画像からの顔検出（山岸） / 主成分分析による顔画像分析・合成（山岸） / 組み込みシステムの演習（１） / 組み込みシステムの演習（２） / レポート整理 / 試問,35
0.2666,COT100XE（計算基盤 / Computing technologies 100）インターネットプロトコル／Protocol for Internet,金井　敦（Atsushi KANAI）,https://syllabus.hosei.ac.jp/web/preview.php?no_id=2513838&nendo=2025&gakubueng=AP&t_mode=pc&radd=,情報ネットワークの基本的なプロトコルを学ぶ。インターネットの代表的なプロトコルであるTCP/IPについてその仕組みの学習を通じて、情報ネットワークについて学ぶ。また、アプリケーションレイヤのプロトコルとして電子メールプロトコル等を取り上げ、理解を深める。,情報ネットワークの通信の仕組みを理解する上で不可欠なプロトコルについて、インターネットで使われている代表的なプロトコルであるTCP/IPを中心に学び、今後のネットワーク技術を学ぶ基礎を養うことを目的とする。 1. 通信一般に必要な通信プロトコルレイヤについて説明できる。 2. TCP/IPの考え方と、具体的な仕組みや機能を説明できる。 3. 電子メールプロトコルの仕組みを理解し、メールヘッダを解読できる。 4. インターネットでデータ通信が行われる仕組みを説明できる。,"【Outline (in English)】 Course outline: Learn the basic protocols of information networks. Study the mechanisms of TCP/IP, a representative protocol of the Internet, to understand information networks. Additionally, deepen understanding by covering application-layer protocols, such as email protocols. Learning Objectives: The goal is to build a foundational understanding for learning future network technologies by studying essential protocols for understanding communication in information networks, with a focus on TCP/IP, the representative protocol used on the Internet. Learning activities outside of classroom: After each class meeting, students will be expected to spend four hours to understand the course content. Grading Criteria/Ploicy: Evaluation will be based on the regular exam results (approximately 70%), along with class participation, assignments, and exercises conducted during class.
【Default language used in class】 日本語 / Japanese",インターネットの歴史 / プロトコルのための基礎知識 / パケット通信の仕組みと通信レイヤ / IPアドレス体系 / IPルーティング / TCP/UDPおよびアドレス変換 / TCPプロトコルの機能と輻輳制御 / ドメインとDNS / 電子メールの仕組みと動作 / 電子メールのヘッダ / アプリケーションレイヤのプロトコル / ネットワーク構成法セキュリティとプロトコル / ネットワーク構成法の基礎 / 全体のまとめ,61
0.2665,COT300XE（計算基盤 / Computing technologies 300）認証技術／Authentication technique,藤堂　洋介（Yosuke TODO）,https://syllabus.hosei.ac.jp/web/preview.php?no_id=2513829&nendo=2025&gakubueng=AP&t_mode=pc&radd=,情報セキュリティの基本知識とともに暗号技術と認証技術の基本概念の取得を目的とする。,情報セキュリティの基本概念の理解 基本的な暗号の概念の理解 情報セキュリティの基本的な対策の理解 講義を通して、ＩＴ社会での基盤として位置づけられる情報セキュリティの理解を向上し、暗号技術と認証技術の原理や仕組みを理解することを目的とする。,"【Outline (in English)】 [Course outline] This course introduces the foundations of cryptography and authentication technology to students taking this course. [Learning Objectives] Understanding the basic knowledge about cryptography and authentication schemes. [Learning activities outside of the classroom] About 4 hours every class. Survey some security incidents, and learn the mathematical background to understand cryptography. [Grading Criteria / Policy] Report and Examination. The tentative plan is 5*13 points for the report (including attendance points) and 35 points for the final examination.
【Default language used in class】 日本語 / Japanese",情報セキュリティ・インターネットセキュリティの概要 / 暗号について（１） / 暗号について（２）小テスト１ / 共通鍵暗号（１） / 共通鍵暗号（２） / 共通鍵暗号（３） / 共通鍵暗号（４）小テスト２ / 公開鍵暗号（１） / 公開鍵暗号（２） / 公開鍵暗号（３） / 公開鍵暗号（４）小テスト３ / 近年の動向（１） / 近年の動向（２） / 近年の動向（３）レポート,52
0.2581,COT300XE（計算基盤 / Computing technologies 300）ビッグデータ情報分析／Big Data Information Analysis,庄原　誠（Makoto SHOHARA）,https://syllabus.hosei.ac.jp/web/preview.php?no_id=2513852&nendo=2025&gakubueng=AP&t_mode=pc&radd=,現代社会において、ビッグデータを活用した生成AIなどのサービスは急速に進化し社会変革をもたらしています。本講義では、その基盤となるビッグデータの情報処理および情報分析の手法を体系的に学びます。 受講者は、ビッグデータの活用方法を通じて、データの収集、加工、解析に必要な基本技術を習得します。また、数理最適化技術やデータ分析技術を活用して知識を抽出するプロセスを学び、「知識とは何か」を深く考察します。これにより、ビッグデータが持つ無限の可能性を認識し、社会や産業でその価値を活かす視点を養います。,・ビッグデータは社会でどの様に活用されているのかを説明できる ・ビッグデータから知識を抽出する技法の基礎を理解する ・数理最適化処理手法を説明できる ・数理最適化手法を実践利用できる ・AIや機械学習におけるデータ活用方法を説明できる ・AIにおけるデータの処理方法の基礎を説明できる,"【Outline (in English)】 In this course, we will outline data processing technology and mathematical optimization technology that extracts knowledge based on the utilization method of ""big data"". The aim is to learn its constituent elements through the utilization of knowledge and to recognize the infinite possibilities of data. The goals of this course are to be able to explain how big data is used in society, be able to explain the basics of data mining, be able to explain mathematical optimization processing methods, and be able to solve problems using mathematical optimization techniques. Students will be expected to have completed the required assignments after each class meeting. Your study time will be more than four hours per class. Your final grade will be calculated according to the following process: Mid-term examination (40%), term-end examination (50%), and in-class contribution (10%).
【Default language used in class】 日本語 / Japanese",ガイダンス：ビッグデータ時代の分析と最適化の全体像 / ビッグデータの特性と分析基盤：前処理と社会的応用 / データベクトル化と特徴量設計：機械学習の基礎 / 次元削減の技術：主成分分析とデータの可視化 / 回帰分析とモデル構築：予測の基本と最適化 / サポートベクターマシン（SVM）：分類問題と最適化の理論 / 中間試験 / 数理最適化の基礎：データモデリングと停留点の理解 / LP双対問題：リソース配分とビッグデータ応用 / 非線形最適化：ラグランジュ関数とKKT条件の実践 / AIと数理最適化：機械学習モデルへの応用と統合 / Attentionの基礎と応用：重要度スコアと関係性分析 / ビッグデータ活用と最適化の実践 / 期末試験,75
0.2579,COT300XE（計算基盤 / Computing technologies 300）分散アルゴリズム／Distributed algorithms,和田　幸一（Koichi WADA）,https://syllabus.hosei.ac.jp/web/preview.php?no_id=2513820&nendo=2025&gakubueng=AP&t_mode=pc&radd=,計算機をネットワークで結合した計算機ネットワーク上での分散計算システムの原理とその仕組み，故障が発生するネットワーク上での分散計算のアルゴリズム設計技法などの分散計算に関する基礎的事項の学習を目的とする．,分散システムのモデル，分散システムの安定性，チェックポイントとロールバック，耐故障性分散アルゴリズム，無待機システム，自己安定システム，動的ネットワーク上での分散計算の基本的事項を理解し，それぞれ具体的な実例を用いて説明ができる．,"【Outline (in English)】 【outline and objectives】 This lecture aims to learn the foundations about distributed computing, such as the principle of distributed computing systems on computer networks, and its mechanism, and algorithmic design paradigm of distributed computation on fault prone networks. 【goal】 Understand the basics of distributed system models, distributed system stability, checkpointing and rollback, fault-tolerant distributed algorithms, no-wait systems, self-stabilizing systems, and distributed computation on dynamic networks, and be able to explain each of these topics using concrete examples. 【learning outside the classroom】 4 hours per week. 【grading criteria】 assignments and reports: 40%, exam: 60%.
【Default language used in class】 日本語 / Japanese",オリエンテーション / 分散計算の基礎的概念1 / 分散計算の基礎的概念2 / 分散システムの安定性1 / 分散システムの安定性2 / チェックポイントとロールバックリカバリ / 耐故障性合意アルゴリズム1 / 耐故障性合意アルゴリズム2 / 無待機システム1 / 無待機システム2 / 自己安定アルゴリズム1 / 自己安定アルゴリズム2 / 動的ネットワークにおける分散アルゴリズム1 / 動的ネットワークにおける分散アルゴリズム2,43
0.2576,COT300XE（計算基盤 / Computing technologies 300）リアルタイムＯＳとプロセッサ／Real-time OS and processors,和田　英彦（Hidehiko WADA）,https://syllabus.hosei.ac.jp/web/preview.php?no_id=2513819&nendo=2025&gakubueng=AP&t_mode=pc&radd=,世の中ではIoT（Internet of Things）という言葉が注目されている．IoTの世界では，様々なモノがインターネットにつながることになるが，そのなかでも組込みシステムは大きな役割を果たす．本授業では，そのような組込みシステムで重要な要素となるリアルタイムOSとプロセッサについて理解を深めることを目的とする．そのためにこの授業では，ソフトウェアを開発する立場から見たリアルタイムOSとプロセッサについて講義を行う．,1) 組込みシステムで使用されるOSやプロセッサと，パソコンなどの汎用システムで使用されるOSやプロセッサとの違いや特徴を，自分の言葉で説明できる． 2) 小規模なリアルタイムシステムで使用されるソフトウェアやOSの機能について理解するとともに，それらの機能を使用したソフトウェアの基本設計ができる． 3）組込みシステムのハードウェアの構成要素と，それらとソフトウェアとの関係を理解して，システムを動作させるソフトウェアの基本的な設計ができる．,"【Outline (in English)】 [Course Outline] This course deals with real-time operating systems and processors which are important elements for embedded systems. This course introduces real-time operating systems and processors from the viewpoint of software development. [Learning Objectives] The goals of this course are followings: 1) Explain in your own words the differences and features between the OS and processor used in embedded systems. 2) Understand the functions of software and OS used in small-scale real-time systems. 3) Understand the hardware components of embedded systems and the relationship between them and software. [Learning activities outside of classroom] Students will be expected to submit a report on the assignment in order to deepen their understanding of the content of the lecture. The report will be given almost every time. Your study time will be about three hours for a class. [Grading Criteria / Policy] Your overall grade in the class will be decided based on the following: Term-end examination: 60%, Short reports: 30%, in class contribution: 10%
【Default language used in class】 日本語 / Japanese",概要 / リアルタイムOSの基礎 / タスク管理（1） / タスク管理（2） / スケジューリング、タイマと時間管理 / 同期 / メモリ管理 / タスク間通信 / 開発環境 / 組込みプロセッサ基礎 / メモリ，ストレージ，割込みと例外 / 周辺機器 / 組込みシステムの新しい技術 / まとめ,42
0.257,FRI300XE（情報学フロンティア / Frontiers of informatics 300）アプリケーション開発演習／Exercise on software development,荒谷　光（Akira ARATANI）,https://syllabus.hosei.ac.jp/web/preview.php?no_id=2513877&nendo=2025&gakubueng=AP&t_mode=pc&radd=,実務に必要なアプリケーションの設計から開発、運用・保守を行えるようになる。 アプリケーション開発の現場で必須となる自走できる力を身につける。,Flutterを用いてスマートフォン用アプリケーションの設計、実装、デバッグ、運用、保守ができるようになること。,"【Outline (in English)】 Learn the techniques and ways of thinking required for application development. * Learning Objectives The goal of this class is to enable students to design, develop, operate and maintain applications. Students will acquire the ability to run on their own, which is essential for application development. * Learning activities outside of the classroom The standard amount of study outside of class time for preparation and review for this class is at least 4 hours each. * Grading Criteria Evaluation will be based on the Flutter application submitted to the Git repository, a brief description of the application (written in README.md), and a final presentation (an introductory presentation of the created application).
【Default language used in class】 日本語 / Japanese",開発環境準備、Git基礎、講義概要説明 / Dart基礎1 / Dart基礎2 / Dart基礎3 / Flutterについて1 / Flutterについて2 / Flutterについて３ / API通信 / アプリケーションの設計、DI(Dependency Injection)について / アプリケーションの設計 / Unitテスト、CI(Continuous Integration) / デザイン / ・アプリ開発のヒント・補講 / 成果物発表会,100
